week,600000,600009,600016,600028,600030,600031,600036,600048,600050,600104,600196,600276,600309,600340,600519,600547,600585,600690,600703,600837,600887,601012,601066,601088,601111,601138,601166,601186,601211,601236,601288,601318,601319,601328,601336,601390,601398,601601,601628,601668,601688,601766,601818,601857,601888,601939,601988,601989,603259,603993
2018-01,0.007943,-0.019107,0.02503,0.151713,0.043094,0.057332,0.037216,0.080565,0.063191,-0.003745,-0.03618,0.019426,,0.114368,0.058596,0.025016,0.113195,0.007431,0.028358,0.030303,0.038521,0.047475,,0.021148,-0.011364,,0.01236,0.043986,0.032397,,0.010444,0.013004,,0.011272,-0.068661,0.028605,-0.019355,-0.045872,-0.023317,0.052106,0.075898,0.047069,0.017284,0.061805,0.041023,0.0,0.002519,0.011609,,0.040698
2018-02,0.017336,-0.004757,0.023256,0.012748,0.023835,-0.026069,0.046844,0.026815,-0.014859,0.062343,0.059921,0.061007,,0.138079,0.067799,0.019712,-0.033384,0.132771,-0.045959,-0.002262,0.041579,-0.038774,,0.029586,-0.017241,,0.042442,-0.015477,0.001569,,0.036176,0.049654,,0.014331,-0.007648,-0.016222,0.027961,0.020749,0.021856,0.0,0.064082,-0.041798,0.009709,0.018626,0.016825,0.027344,0.027638,0.003279,,0.067039
2018-03,0.025562,0.015248,0.035227,-0.015385,0.101397,0.014989,0.030149,0.101274,0.039216,-0.031849,-0.046194,-0.003351,,0.045215,-0.048502,-0.002148,0.031052,-0.016279,-0.084303,0.06198,-0.03475,-0.038703,,-0.00821,-0.05848,,0.017847,0.039301,0.066319,,0.114713,0.042736,,0.059655,-0.027898,0.021201,0.1392,0.017353,0.025337,0.090622,0.053644,0.000823,0.067308,0.028571,0.048552,0.152091,0.075795,0.013072,,0.060209
2018-04,0.01284,0.050885,0.023052,0.048295,0.049319,0.040084,0.031115,-0.005784,0.05225,0.065489,-0.006688,0.03752,,0.02956,0.036045,0.01845,0.069146,0.028842,0.091188,0.026335,0.030646,0.079671,,0.047185,0.165927,,0.02411,0.021849,0.01665,,0.002237,-0.019204,,0.04,-0.040748,0.011534,0.035112,-0.028265,0.0,0.030918,0.006244,0.013158,0.083333,0.034444,0.017027,0.059406,0.056818,0.024194,,-0.039506
2018-05,-0.020134,0.040529,-0.016094,0.02168,-0.036705,-0.058824,0.030774,0.071553,-0.056552,-0.008005,-0.05642,-0.0372,,0.072129,-0.047374,-0.077295,0.060937,-0.027114,-0.062676,-0.050624,0.001155,-0.008403,,0.132411,0.035769,,0.003745,-0.030428,-0.030829,,0.006696,-0.001183,,-0.025641,0.014876,-0.020525,0.031208,0.035105,0.010911,-0.050609,-0.073031,-0.068994,-0.027027,-0.001074,0.09902,-0.008307,-0.015054,-0.03622,,0.008997
2018-06,-0.027397,-0.093481,-0.095965,-0.153846,-0.193773,-0.107759,-0.109855,-0.229642,-0.121345,-0.077522,-0.141978,-0.090468,,-0.254953,-0.076945,-0.161322,-0.166892,-0.110061,-0.035148,-0.131483,-0.098904,-0.177701,,-0.152182,-0.112417,,-0.051706,-0.136556,-0.134692,,-0.077605,-0.152348,,-0.020468,-0.159121,-0.104773,-0.121053,-0.095688,-0.14381,-0.126357,-0.130793,-0.098518,-0.059829,-0.145161,-0.130968,-0.124607,-0.063319,-0.117647,,-0.210191
2018-07,-0.025039,-0.009046,0.015682,-0.010972,0.016138,0.006039,0.021491,0.071177,0.019967,0.037488,0.144537,0.064683,,0.072764,0.051242,0.040705,0.070894,0.051486,0.062639,0.014298,0.032,0.061514,,0.016468,0.039735,,-0.003935,0.014735,0.009765,,0.0,0.069222,,-0.022388,0.006004,-0.029909,0.02994,0.043397,-0.027438,0.014689,-0.005332,-0.021277,-0.018182,0.008805,0.107311,0.014354,-0.002331,0.005556,,0.087097
2018-08,0.020867,0.069375,0.043943,0.042789,0.031764,0.030012,0.01307,0.028947,0.026101,0.025896,0.006264,0.018768,,0.070008,0.033447,-0.015419,0.023079,0.03685,0.008361,0.007463,0.053953,-0.003944,,0.037667,0.106688,,0.024831,0.030978,0.00967,,0.043269,0.025403,,0.019847,0.060454,0.022788,0.018895,0.064698,0.039268,0.037862,0.023824,0.029644,0.037037,0.021197,0.044015,0.037736,0.025701,0.018416,,0.189911
2018-09,-0.024371,0.074477,-0.040956,-0.037994,-0.019791,-0.054779,-0.055066,-0.053708,0.023847,0.027884,0.001245,0.006687,,-0.08554,-0.008175,0.0233,-0.042149,-0.025803,0.048507,-0.011523,-0.050603,0.089552,,-0.088212,-0.056835,,-0.014868,-0.024413,-0.001127,,-0.052995,-0.041903,,-0.035928,-0.055737,-0.007864,-0.047076,-0.061973,-0.017975,-0.033262,-0.001745,-0.016315,-0.046875,-0.028083,-0.014423,-0.067045,-0.050114,0.016275,,0.042394
2018-10,0.005641,0.009533,0.00949,0.009479,0.057768,0.048089,0.037296,0.030405,-0.021739,0.035694,0.08008,0.076183,,0.059855,-0.011149,0.012318,-0.018903,0.026987,0.063266,0.024979,-0.036566,0.024602,,-0.006421,-0.020595,,0.01062,0.013474,0.025945,,-0.021898,0.047429,,0.006211,0.036916,0.007926,-0.019461,0.035733,0.025402,0.00111,0.044872,0.042927,0.007026,0.008794,0.074484,0.004872,0.002398,-0.003559,,0.008373
2018-11,-0.014423,-0.029313,-0.023502,0.004695,-0.027572,-0.027059,-0.032745,-0.041967,-0.020635,0.01544,-0.018881,0.032246,,-0.070659,0.015998,-0.013643,0.080859,-0.010706,-0.052436,-0.02437,-0.003538,-0.01528,,0.000431,0.001558,,-0.035398,-0.025641,-0.028587,,0.012438,-0.00536,,-0.015432,-0.036343,-0.019659,-0.029008,0.011665,-0.018579,-0.017738,-0.033463,-0.038354,-0.025581,-0.014944,-0.030732,-0.041212,-0.011962,-0.021429,,0.094899
2018-12,-0.047967,0.029185,-0.039711,0.063863,-0.034896,-0.01451,0.005974,-0.08898,-0.081037,-0.034754,0.046468,0.032581,,-0.037309,-0.038913,0.089346,-0.07744,-0.082636,-0.021978,-0.069109,-0.086507,-0.05708,,-0.044789,-0.105754,,-0.012615,-0.064327,-0.056593,,-0.029484,-0.002978,,-0.009404,-0.092169,-0.002674,-0.009434,-0.036801,-0.008909,0.002257,-0.059435,-0.000973,0.0,-0.010114,0.027743,-0.018963,-0.002421,-0.076642,,-0.098592
2018-13,-0.005124,-0.038204,0.001253,-0.051245,0.049718,-0.035583,-0.040251,0.012021,0.017637,-0.043319,-0.002243,0.028244,,-0.0367,-0.03859,-0.003432,0.019005,-0.055228,-0.063804,0.027728,0.006714,0.007053,,-0.059964,0.030435,,-0.030778,0.01875,0.023395,,-0.010127,-0.070982,,-0.022152,-0.024587,-0.012064,-0.033333,-0.135762,-0.048315,-0.024775,0.057669,-0.021422,-0.026253,-0.024266,-0.072568,-0.001289,-0.046117,0.073123,,0.019231
2018-14,-0.0103,-0.020066,-0.008761,-0.007716,0.023143,0.024173,-0.011344,0.016333,-0.032929,-0.003234,0.009665,-0.03333,,-0.019811,0.015199,0.089187,0.006217,0.00227,-0.045864,0.009574,0.044226,-0.049898,,-0.033094,-0.03038,,-0.02157,-0.001022,0.002931,,-0.025575,-0.011637,,-0.009709,-0.011299,0.0,-0.036125,-0.022104,-0.015348,-0.017321,0.018561,-0.026866,-0.012255,-0.02356,0.001323,-0.047742,-0.020356,0.012891,,-0.061321
2018-15,0.013877,-0.01191,0.011364,0.062208,-0.004734,0.057143,0.027121,0.024105,0.001792,-0.027729,-0.091719,-0.036024,,0.013993,-0.010302,-0.014543,0.031202,-0.003398,0.008086,-0.005172,-0.046387,-0.006143,,0.021329,0.018277,,0.008573,0.019447,0.012274,,0.015748,0.025252,,0.011438,-0.006154,0.012212,0.027257,-0.006028,-0.001998,0.007051,0.002278,-0.002045,0.009926,0.021448,0.059268,0.03794,0.005195,0.009091,,0.037688
2018-16,-0.006843,-0.039755,-0.027466,0.0,-0.033827,-0.024677,-0.045024,-0.044223,-0.093023,-0.032464,-0.052206,0.036384,,-0.122355,-0.024168,-0.016041,-0.02846,-0.029545,-0.029412,-0.038995,-0.019387,0.051916,,-0.001943,-0.074359,,-0.018822,-0.036145,-0.017321,,-0.033592,-0.030674,,-0.017771,-0.088899,-0.022788,-0.018242,-0.054882,-0.030837,-0.044341,-0.018182,-0.031762,-0.022113,0.002625,-0.045617,-0.037859,-0.023256,-0.034234,,-0.071429
2018-17,0.0,0.096455,-0.008986,0.011713,0.03884,0.050602,0.039702,-0.020149,0.126233,0.001254,-0.005431,-0.006545,,0.015024,-0.011533,-0.089664,0.046562,0.003513,-0.105601,0.028855,-0.055356,0.011163,,0.018978,0.081256,,-0.003094,0.032292,0.037015,,0.018717,-0.050818,,0.016447,0.050971,0.015089,0.013514,0.013795,0.01281,0.02442,0.060185,0.02328,0.015075,0.001309,-0.027819,0.014925,0.010582,-0.048507,,-0.011734
2018-18,-0.067183,0.027716,0.011658,0.014472,0.020011,-0.021789,-0.020116,-0.007616,0.024518,0.023176,0.083463,-0.012458,,-0.005508,0.000513,0.012894,0.02416,0.032672,0.065195,0.013146,-0.055175,0.009006,,-0.030086,0.032451,,-0.006828,-0.005045,0.007932,,0.005249,-0.002956,,-0.012945,0.016628,0.009459,-0.015,0.033228,-0.006528,-0.013111,0.033843,-0.004137,-0.00495,0.006536,0.114653,-0.018717,-0.005236,0.011765,,-0.010554
2018-19,0.01108,0.027751,0.015365,0.034237,0.006195,0.0,0.046625,0.05142,-0.02906,0.059382,0.00312,0.085395,,-0.002423,0.083199,0.016266,-0.002589,0.014124,-0.002892,0.00346,0.043496,0.092427,,0.054653,-0.033085,,0.02,0.001014,0.0,,0.020888,0.039367,,0.019672,0.061109,,0.027073,0.082083,0.032854,0.030193,-0.009504,0.002077,0.0199,0.036364,0.051172,0.054496,0.026316,0.0,,0.086667
2018-20,-0.004566,0.026621,-0.001261,0.024828,0.012314,0.022274,0.012633,0.013139,0.024648,0.009824,0.027512,0.031068,,0.020472,0.029665,-0.049408,0.028843,0.023955,0.034316,-0.011207,0.060594,-0.02873,,0.042017,-0.02994,,-0.000613,-0.011145,-0.011804,,-0.002558,-0.000951,,-0.006431,-0.009848,,-0.003295,-0.011605,0.009145,-0.004689,-0.026652,-0.009326,-0.004878,0.06391,0.009507,-0.001292,0.0,-0.01938,0.610534,0.006135
2018-21,-0.017431,-0.027968,-0.017677,-0.063257,-0.033958,-0.051606,-0.041037,-0.082133,-0.017182,-0.009442,0.090105,0.055387,,-0.018701,-0.030379,0.010249,-0.045697,-0.00272,-0.014019,-0.037489,-0.053857,-0.043962,,-0.080645,-0.020282,,-0.015941,-0.02459,-0.032423,,-0.023513,-0.023953,,-0.012945,-0.049514,,-0.044628,-0.04811,-0.018125,-0.021201,-0.050383,-0.002092,-0.014706,-0.042403,0.012015,-0.056921,-0.020513,-0.021739,0.610561,-0.081707
2018-22,-0.002801,0.004192,-0.008997,0.005747,-0.025708,-0.018138,-0.020883,-0.011774,-0.050699,0.030329,-0.071764,-0.010547,,-0.053361,0.039408,0.015965,0.006463,0.072013,-0.022749,-0.041667,0.161923,-0.106727,,0.00731,-0.015302,,-0.011838,-0.036765,-0.019988,,-0.008264,0.001788,,-0.014754,-0.031847,,-0.024221,-0.005114,-0.016051,-0.015644,-0.027105,-0.046122,-0.012438,-0.01599,0.082625,-0.028807,-0.015707,-0.080808,0.237612,-0.047809
2018-23,-0.024345,0.087097,-0.02594,-0.014286,0.001077,0.004926,-0.013986,0.069102,-0.016575,0.010373,0.022549,0.096473,0.289931,0.011713,0.044074,-0.015357,0.032399,0.053537,0.041707,-0.024575,0.01622,-0.22953,,0.011127,0.039305,,-0.003783,-0.025082,-0.015597,,-0.002778,0.031635,,-0.006656,0.059915,,-0.010638,0.010584,-0.001631,-0.006112,-0.00652,-0.035165,-0.017632,-0.01125,-0.019265,-0.007062,-0.005319,-0.026374,-0.108452,-0.009763
2018-24,-0.011516,0.032117,-0.007989,-0.001538,-0.008607,0.057598,0.026241,0.07121,0.001873,0.013596,-0.028353,-0.064079,0.010961,0.053184,0.0082,-0.023214,0.048346,0.013261,-0.08054,-0.044574,-0.012052,-0.069106,,0.013876,0.031662,0.138679,0.017089,0.0,0.0,,0.011142,0.035903,,0.0067,0.046996,,0.021505,0.081388,0.00817,0.01722,-0.013723,-0.013667,-0.002564,-0.020228,0.003324,0.02845,0.002674,-0.054176,-0.151359,-0.038028
2018-25,-0.052427,-0.043125,-0.028188,-0.033898,-0.10255,0.039397,-0.011057,0.005718,-0.084112,-0.034766,0.016443,0.039763,0.014178,0.011336,-0.008793,-0.09469,-0.005124,-0.013572,-0.050769,-0.055781,0.001012,0.011853,,-0.007551,-0.073316,-0.170948,-0.01751,-0.03915,-0.084704,,-0.013774,-0.055083,,-0.008319,-0.055897,,-0.005263,-0.057001,-0.058752,-0.018138,-0.120387,-0.122402,-0.017995,-0.050232,0.016265,-0.023513,-0.002667,-0.059666,-0.10574,-0.077599
2018-26,-0.020492,-0.019441,-0.033149,0.035088,0.001814,0.0,-0.076171,-0.132907,0.008122,-0.007657,-0.056961,-0.040648,-0.066201,-0.097758,-0.045752,-0.018868,-0.061922,-0.053563,0.038358,0.017186,-0.059339,0.028977,0.139831,-0.051831,-0.182153,-0.014957,-0.049505,0.003492,0.007989,,-0.039106,-0.040773,,-0.036913,-0.038349,,-0.061728,-0.065434,-0.013579,-0.032143,0.029574,0.013158,-0.041885,0.056164,-0.038082,-0.072238,-0.034759,0.025381,0.056174,0.010476
2018-27,-0.019874,0.00739,-0.008286,-0.033898,-0.02414,-0.105909,-0.022693,-0.132787,-0.030488,-0.036296,-0.037207,-0.076294,-0.031484,-0.064854,-0.023706,0.020903,-0.060932,-0.053998,-0.016129,-0.029567,-0.015412,-0.079089,-0.131041,-0.032096,-0.086052,-0.065618,-0.021528,-0.045244,-0.043419,,-0.014535,-0.027996,,0.003484,0.017257,,-0.005639,-0.016954,0.002664,-0.071429,-0.044756,-0.04026,-0.021858,-0.033722,-0.035398,-0.01374,-0.00277,-0.014851,0.0099,-0.101749
2018-28,0.023479,0.104491,0.017513,0.011164,0.026592,0.051122,0.047601,0.055766,0.037736,0.038849,0.05596,0.071592,0.147534,0.105897,0.046029,-0.020885,0.086514,0.032931,0.059228,0.01197,0.037495,-0.026025,0.055615,-0.043523,0.022472,0.022635,0.019872,0.024301,0.030496,,0.032448,0.0281,,0.043403,0.025218,,0.058752,0.054615,0.005757,0.011834,0.023776,0.027064,0.02514,0.020134,0.142765,0.080495,0.037778,0.0,0.061737,0.155752
2018-29,0.040042,0.00162,0.022375,0.007886,0.013855,0.014235,0.043843,-0.01701,0.016162,-0.022838,-0.055846,-0.016402,0.00832,-0.042058,-0.007845,-0.016311,0.019906,-0.032412,0.018472,0.009677,-0.033333,0.007348,-0.005066,-0.012536,-0.074481,-0.018161,0.019485,0.042705,0.008947,,0.011429,0.039289,,-0.014043,0.110689,,0.020522,0.034222,0.041391,0.011696,0.054645,-0.00527,0.016349,-0.031579,0.034648,0.013037,-0.002809,0.007538,-0.094195,-0.073507
2018-30,0.012158,-0.002103,0.005051,0.035994,0.000594,0.049123,0.025931,0.076503,0.039761,-0.037654,-0.037755,-0.045553,-0.002947,0.010192,-0.003468,0.017857,0.081515,-0.058759,-0.029412,0.011715,-0.022868,0.056366,0.020367,0.061166,0.029024,-0.000578,0.036177,0.149826,0.017735,,0.014124,0.000493,,0.003546,-0.016912,,0.012797,-0.011713,-0.004228,0.105973,0.005181,0.075676,0.021716,0.029891,-0.018922,0.010324,0.002817,0.052369,-0.061483,-0.042975
2018-31,-0.016016,-0.032739,-0.025126,-0.006042,-0.048694,-0.003344,-0.03026,-0.096447,-0.022945,-0.067672,-0.115354,-0.05554,-0.044138,-0.097012,-0.080657,-0.064745,-0.02707,-0.086931,-0.106061,-0.046316,-0.073923,-0.06968,-0.122754,-0.042958,-0.084615,-0.085599,-0.015152,0.007071,-0.049598,,-0.016713,-0.050107,,-0.022968,-0.098095,,-0.01083,-0.054519,-0.065393,-0.052265,-0.070232,0.017588,-0.019284,0.003958,-0.10129,-0.00292,-0.019663,-0.063981,-0.129521,-0.098446
2018-32,0.024415,-0.014745,0.024055,0.007599,0.021848,0.065996,0.044053,0.095506,0.054795,0.031648,0.023923,0.053241,0.028448,0.033949,0.012062,0.0,0.054283,0.053674,0.048023,-0.002265,0.09988,-0.041835,-0.020478,0.029545,0.058824,-0.021505,0.0301,0.125376,0.031735,,0.022663,0.045313,,0.009042,0.030654,,0.00365,0.08618,0.01363,0.066176,0.072765,0.075309,0.008427,0.055191,-0.023622,0.002928,0.014327,0.04557,0.062118,-0.04023
2018-33,-0.008937,-0.036224,-0.026846,-0.045249,-0.037874,-0.051417,-0.067511,-0.064103,0.003711,-0.065355,-0.104848,-0.07354,-0.047505,-0.051538,-0.076137,-0.035284,-0.089263,-0.099454,-0.09434,-0.049943,-0.070022,-0.128169,-0.056911,-0.050221,-0.062169,-0.054299,-0.046753,-0.081105,-0.026658,,-0.030471,-0.063865,,-0.028674,-0.025407,,-0.043636,-0.032487,-0.031824,-0.068966,-0.047158,-0.070034,-0.038997,-0.004981,-0.097249,-0.048175,-0.025424,-0.019128,-0.10135,-0.041916
2018-34,0.032064,0.017117,0.027586,0.047393,0.04127,0.016593,0.044495,0.03379,0.042514,0.01213,-0.00261,0.047626,0.001263,0.016214,0.040072,0.030556,0.06108,0.012795,-0.070833,0.032258,0.033333,0.004847,0.025862,0.013364,0.040903,0.024607,0.049046,0.021339,0.045646,,0.031429,0.1041,,0.042435,0.061514,-0.046452,0.043726,0.041514,0.044907,0.001852,0.058983,0.007407,0.052174,0.017522,0.045717,0.042945,0.023188,0.007426,0.194271,0.002083
2018-35,0.002913,-0.038205,0.001678,0.031674,-0.00125,-0.003322,0.0213,0.084806,-0.005319,0.027494,-0.044815,-0.026777,0.03615,0.082363,-0.001681,0.015274,-0.00589,-0.009973,0.042281,-0.008102,-0.081594,0.093248,-0.020408,0.060206,0.052846,-0.013342,-0.020779,0.006648,-0.018133,,0.00554,0.008164,,-0.00531,-0.012279,0.024251,-0.009107,-0.039859,-0.020824,-0.001848,-0.016645,0.003676,0.027548,-0.01107,0.061307,0.011765,0.005666,0.014742,-0.016069,-0.022869
2018-36,-0.013553,-0.032981,0.00335,-0.023392,-0.005632,-0.038889,-0.004242,-0.061889,0.02139,-0.025386,0.017123,-0.008012,-0.07789,-0.021912,-0.01247,0.038053,-0.029895,0.0,-0.014136,-0.008168,-0.070661,-0.011029,0.015931,0.021633,-0.016731,0.006761,-0.017241,-0.059434,-0.006156,,-0.011019,0.006669,,-0.010676,0.015703,0.0,-0.016544,-0.001526,-0.023982,-0.044444,-0.03125,-0.015873,0.0,0.0199,-0.021622,-0.031977,-0.011268,0.007264,0.04142,-0.046809
2018-37,0.006869,0.018466,-0.001669,0.037425,-0.013216,-0.052023,-0.010295,0.043403,-0.045375,0.033087,-0.065657,-0.114142,-0.071931,-0.010998,-0.012397,0.000426,-0.08523,0.028878,-0.054239,0.009412,0.032904,-0.049071,-0.054282,-0.020116,-0.058901,-0.019476,0.003374,0.011033,0.002753,,0.011142,0.008283,,0.007194,-0.007086,0.005571,0.003738,-0.017732,-0.022717,0.001938,-0.023522,0.014888,0.010724,0.056098,-0.003065,-0.001502,0.008547,0.016827,-0.058864,-0.011161
2018-38,0.022417,0.047179,0.045151,0.026588,0.063776,0.07561,0.086801,0.09401,0.021938,0.065758,0.081802,0.046276,0.034842,0.065486,0.088832,0.001278,0.114112,0.083551,0.053395,0.052448,0.072751,0.003127,0.044643,0.073474,0.157163,-0.010274,0.055145,0.102183,0.039121,,0.082645,0.066193,,0.033929,0.08045,0.056787,0.070764,0.067538,0.04649,0.061896,0.060564,0.056235,0.04244,0.027575,0.092395,0.084211,0.039548,0.016548,0.086694,0.049661
2018-39,0.012393,0.038339,0.0144,0.02446,0.0006,0.006803,0.012871,-0.074525,-0.003578,0.063939,0.050966,0.044064,-0.027256,-0.020874,0.042842,0.007234,0.002179,-0.004819,0.02378,-0.007752,0.030498,0.106781,-0.034188,0.02617,-0.020433,-0.014533,0.016571,0.0036,-0.009908,,-0.010178,0.014965,,0.008636,0.010408,0.018349,0.003478,0.035277,0.028105,0.0,0.022064,0.0,-0.005089,0.040863,0.007554,0.004161,0.01087,-0.011628,0.028333,-0.019355
2018-41,-0.055556,-0.070784,-0.048896,-0.08427,-0.088676,-0.067568,-0.049853,-0.065735,-0.087971,-0.146935,-0.100158,-0.097638,-0.112315,-0.06514,-0.084932,0.100972,-0.039141,-0.108354,-0.119804,-0.129464,-0.015187,-0.066197,-0.189633,0.010299,-0.110429,-0.160112,-0.038871,0.03139,-0.101401,,-0.03856,-0.067591,,-0.044521,-0.051704,0.002574,-0.041594,-0.045058,-0.056878,-0.060109,-0.094603,-0.041667,-0.028133,-0.028353,-0.069832,-0.042818,-0.045699,-0.063529,-0.155808,-0.16886
2018-42,0.034895,-0.03351,0.024876,-0.032209,0.011177,-0.054348,0.001715,-0.01759,0.009843,-0.008101,0.006692,-0.012216,-0.150398,-0.094595,0.002994,-0.022256,-0.033098,-0.076714,-0.070833,0.039744,-0.008699,-0.004525,0.065523,-0.049029,-0.015172,-0.029264,0.009132,-0.1,0.034892,,0.013369,0.027399,,0.023297,0.002298,-0.046213,-0.009042,0.024771,0.017765,-0.017442,0.018233,-0.007246,0.031579,-0.043771,-0.157579,0.007215,0.016901,0.007538,0.034174,-0.036939
2018-43,0.052023,-0.079197,0.016181,-0.007924,0.097529,0.007663,0.013352,0.110116,0.05848,-0.022727,-0.036739,0.021201,-0.094599,0.066231,-0.089403,0.051805,-0.077238,-0.049265,-0.013453,0.125771,-0.090148,0.021212,0.212299,0.039816,0.008403,0.041344,0.030381,-0.014493,0.079627,,0.031662,-0.001219,,0.035026,0.009796,-0.036339,0.038321,0.033094,0.03491,0.04931,0.086777,-0.013382,0.020408,-0.032864,-0.002251,0.04298,0.027701,0.022444,0.02302,0.052055
2018-44,0.02381,0.115226,0.017516,0.009585,0.05391,0.031686,0.024662,0.023387,0.016575,0.021076,0.000726,0.16955,0.098276,0.037183,-0.016719,0.018284,0.093532,0.056458,0.143939,0.079956,0.035072,0.179525,0.105072,-0.007364,0.147222,0.043011,0.027604,0.104902,0.045847,,-0.01023,0.027617,,0.00846,0.024355,0.068436,-0.008787,-0.008635,0.006214,0.022556,0.121673,0.075216,0.0075,0.008495,0.094772,-0.01511,0.0,0.02439,0.071256,0.091146
2018-45,-0.038462,-0.084133,-0.032864,-0.028481,-0.048904,-0.014742,-0.057039,-0.040189,-0.027174,-0.031317,-0.001452,-0.046302,-0.082261,-0.046394,-0.063177,-0.071088,-0.033053,-0.037335,-0.031126,-0.059838,-0.031343,0.037736,-0.038251,0.012859,-0.053269,-0.021412,-0.042735,-0.055901,-0.047649,,-0.056848,-0.040535,,-0.026846,-0.065283,-0.047059,-0.051418,-0.072773,-0.03573,-0.027574,-0.054802,-0.029817,-0.047146,-0.026474,-0.026108,-0.062762,-0.032345,-0.016667,-0.021909,-0.016706
2018-46,0.00093,0.039484,-0.003236,-0.014658,0.039007,0.018703,-0.004196,0.067323,0.040968,-0.041146,0.002908,-0.033504,0.038317,0.042901,-0.003559,0.026036,-0.013493,0.050951,0.074504,0.073355,0.038478,0.042424,0.140909,-0.037598,0.051151,0.042139,0.008929,0.046053,0.076051,,-0.013699,0.009749,,0.008621,0.007976,0.016461,-0.001869,-0.006061,0.032479,0.041588,0.068141,0.015366,0.005208,-0.02843,-0.02716,-0.008929,0.002786,0.031477,0.00381,0.014563
2018-47,-0.024164,-0.050388,-0.016234,-0.034711,-0.055745,-0.046512,-0.021067,0.0,-0.060823,-0.037548,-0.005799,0.005136,-0.056672,0.079729,-0.005536,-0.014225,-0.048936,-0.015919,-0.112595,-0.063317,-0.012632,-0.009302,-0.080677,-0.039574,-0.013382,-0.081649,-0.011378,-0.031447,-0.027278,,-0.008333,-0.04,0.609148,-0.011966,-0.052823,-0.008097,-0.001873,-0.047256,-0.051396,-0.014519,-0.038702,0.0,-0.015544,-0.02799,-0.012328,-0.001502,-0.002778,-0.032864,-0.091327,-0.074163
2018-48,0.02,0.022449,0.006601,0.010274,0.016265,0.030809,0.024032,0.007692,0.005714,-0.010748,0.014947,0.045026,0.008732,0.001571,0.014545,0.054992,0.016619,0.011029,0.022939,0.012876,0.016205,0.091549,0.131094,-0.00898,0.008631,-0.023709,0.019182,0.019481,0.022307,,0.0,0.01357,-0.166667,0.012111,0.001806,-0.023129,0.0,0.00448,0.00794,0.062615,-0.005329,0.016298,0.013158,-0.003927,0.013399,0.0,0.005571,0.029126,0.009494,0.02584
2018-49,0.016807,-0.003393,-0.004918,-0.00678,0.01067,0.019925,0.001051,-0.032061,-0.003788,-0.005231,-0.061782,-0.108021,0.080332,0.090196,0.038938,0.038447,-0.024206,0.0,-0.003504,0.022246,-0.033991,0.027957,0.014368,0.017058,0.01956,0.033825,0.005646,0.027298,0.01808,,0.002801,-0.007718,-0.010853,0.001709,-0.013072,-0.001393,0.003752,-0.025167,-0.00139,0.029463,0.029762,0.042383,0.0,-0.005256,0.058685,-0.003008,-0.00277,0.004717,0.004389,0.020151
2018-50,-0.024793,0.026036,-0.019769,0.005119,-0.01173,0.032967,-0.008747,0.025237,-0.003802,0.000405,-0.024502,0.008907,-0.003205,-0.00036,0.010153,0.017444,0.012564,0.046545,0.000703,-0.012435,0.011729,-0.016213,-0.010567,0.013627,-0.01199,0.011745,-0.014972,0.04783,-0.004899,,-0.002793,-0.016825,-0.020376,-0.020478,-0.004796,0.029289,0.0,-0.006536,-0.012529,0.038721,-0.017341,0.034066,-0.01039,0.015852,0.038152,-0.003017,-0.005556,-0.011737,-0.018352,0.007407
2018-51,-0.051789,-0.03494,-0.038655,-0.044143,-0.04451,-0.001182,-0.103777,-0.080769,-0.019084,0.03518,-0.069466,-0.149576,-0.068167,-0.078086,-0.043089,0.037439,-0.058543,-0.037526,-0.044975,-0.041973,-0.050236,-0.054226,0.004854,-0.022234,-0.043689,-0.024876,-0.048132,-0.044801,-0.037538,,-0.016807,-0.058121,-0.0544,-0.015679,-0.050252,-0.031165,-0.029907,-0.044079,0.0,-0.059968,-0.061176,-0.036132,-0.041995,-0.037711,-0.040541,-0.046899,-0.002793,-0.030879,-0.037263,-0.036765
2018-52,-0.026812,0.026699,0.001748,-0.10302,-0.00559,-0.013018,-0.007483,-0.013389,0.005837,0.041797,-0.018558,0.053104,-0.034161,-0.006635,0.03983,0.020236,-0.010477,0.0,-0.16777,-0.036145,0.034358,-0.019674,-0.158454,-0.050238,-0.030457,-0.014456,-0.005988,-0.038053,-0.02046,,0.025641,-0.038396,-0.089679,0.024779,0.020536,-0.022378,0.019268,-0.021679,-0.041823,-0.017241,0.015038,-0.005513,0.013699,-0.025676,0.034009,0.011111,0.011204,0.041667,-0.011096,-0.043257
2019-01,0.016327,-0.018519,0.008726,0.009901,,-0.032374,0.012302,0.03732,0.005803,-0.071991,-0.064461,0.030332,0.016434,0.022004,0.020322,0.026116,-0.030055,-0.018773,-0.012378,0.0875,-0.015734,0.02867,0.163031,0.006125,-0.002618,0.005177,0.017403,0.019319,0.094648,,-0.002778,0.008734,0.050186,0.01209,0.028172,0.002861,-0.003781,0.019346,0.004904,0.005263,0.091975,0.018847,0.037838,0.011096,-0.051495,-0.00157,-0.00831,0.061176,-0.030323,0.018617
2019-02,0.009036,-0.014452,-0.00173,0.04902,0.059963,0.01487,0.03724,-0.019624,0.030769,0.01697,0.017915,0.029439,0.086467,0.003845,0.056279,-0.019008,0.044718,0.03532,0.041182,-0.001045,0.043961,0.117057,0.060217,0.02435,0.065617,0.044635,0.013158,-0.027076,-0.005963,,-0.016713,0.026153,-0.030088,0.010239,-0.090721,0.007133,-0.005693,-0.037957,-0.001952,-0.006981,0.004522,-0.016322,0.007813,0.012346,0.062697,0.0,-0.013966,-0.006652,-0.002893,0.0
2019-03,0.037811,0.018126,0.010399,0.009346,0.053624,0.054945,0.024187,0.006672,0.001866,0.008741,0.069495,0.057551,0.036881,-0.001915,0.075061,-0.030542,0.046512,0.076048,-0.179708,0.030335,0.039983,0.111277,0.096834,0.027012,0.001232,-0.00986,0.018182,0.004638,-0.0012,,0.014164,0.031858,0.005474,0.010135,0.036971,0.001416,0.028626,0.069943,0.051834,0.050967,0.037704,-0.007743,0.020672,-0.004065,-0.0206,0.044025,0.008499,-0.008929,0.037579,0.023499
2019-04,0.006711,-0.037007,0.012007,0.012963,0.008949,0.049769,0.052399,0.019056,0.001862,0.033084,-0.014346,-0.003042,0.008736,0.016117,-0.00572,0.00813,0.008696,0.021136,0.07652,0.02132,-0.000818,0.011675,-0.049236,0.024198,-0.00615,-0.020747,0.01977,-0.063712,-0.01982,,0.02514,0.022864,0.0,0.006689,-0.000488,-0.046676,0.024119,0.012068,0.036727,0.011706,0.019523,-0.040134,0.007595,-0.009524,-0.05048,0.025602,0.016854,-0.006757,0.017044,-0.017857
2019-05,0.025714,0.02929,0.00678,0.04936,0.029933,0.045204,0.027349,0.046341,-0.003717,0.016012,0.029966,0.031022,0.065264,0.05287,0.019082,0.038306,0.037676,0.047219,0.020448,0.022863,0.004503,0.013316,0.084821,0.027735,0.016089,0.008475,0.025016,0.0,0.047794,,0.013624,0.031326,0.050817,0.033223,0.023699,-0.002967,0.023551,0.022855,0.025561,0.013223,0.05,0.002323,0.022613,0.009615,-0.034202,0.036711,0.016575,-0.00907,0.010736,0.012987
2019-07,-0.010214,0.049445,0.001684,0.001742,0.003229,-0.00211,-0.005119,-0.01554,0.06903,-0.01576,0.048213,0.057054,0.058943,0.034075,0.046357,0.02233,0.035692,-0.025324,0.145992,0.051506,0.03586,0.033728,0.039506,-0.017991,0.01827,0.138655,-0.017084,0.022682,0.01462,,-0.018817,0.000633,-0.01209,-0.022508,0.023866,0.020833,-0.024779,-0.005829,-0.017927,-0.016313,-0.042553,0.026651,-0.019656,0.013605,0.093761,-0.031161,-0.008152,0.038902,0.06101,0.066667
2019-08,0.032833,0.134038,0.020168,0.022609,0.203326,0.095137,0.050772,0.017364,0.04014,0.083111,0.005155,0.031265,0.028242,0.053417,0.001697,0.04875,0.030897,0.011407,0.153206,0.174677,0.003147,0.228814,0.302454,-0.002036,0.129187,0.039852,0.031037,0.02893,0.123919,,0.008219,0.059605,0.153846,0.019737,0.067599,0.027697,0.00726,0.089577,0.155833,0.0,0.184656,0.005643,0.017544,0.016107,0.055695,0.016082,0.010959,0.039648,0.041143,0.055288
2019-09,0.091735,0.008988,0.102142,0.034014,0.090504,0.034749,0.07411,0.035687,0.098993,0.009504,0.132544,0.085973,0.122133,0.022061,0.087175,-0.021129,0.057061,0.075815,0.012996,0.02439,0.090588,-0.045862,0.345289,0.062213,0.045551,0.070263,0.161951,0.082474,0.02359,,0.046196,0.080125,0.327273,0.062903,0.142576,0.058156,0.054054,0.055306,0.197997,0.033167,0.060741,0.06734,0.083744,0.040951,0.024154,0.056115,0.056911,0.129237,0.054057,0.091116
2019-10,-0.043261,-0.05563,-0.043348,-0.037829,-0.015536,0.033582,-0.064438,-0.023221,-0.012214,-0.07636,-0.039359,-0.0325,-0.109078,-0.074098,-0.065628,-0.016343,-0.041712,-0.08445,0.105488,0.099078,-0.052499,-0.085291,0.267058,-0.038886,-0.072948,0.049072,-0.072539,-0.042424,0.002505,,-0.041558,-0.050974,0.318493,-0.044006,-0.060768,-0.029491,-0.044444,-0.074788,-0.094534,-0.032103,-0.073263,-0.038906,-0.052273,-0.027919,-0.076028,-0.058583,-0.038462,-0.043152,0.040828,-0.006263
2019-11,-0.006087,0.028297,0.007813,0.015385,-0.011213,0.117329,0.028915,0.056748,0.068006,-0.026803,0.066715,0.026701,0.094425,0.068894,0.053966,-0.043887,0.044666,0.072519,-0.042553,-0.038435,0.009108,0.086527,-0.0403,-0.001998,0.061202,-0.060683,0.030168,0.014467,-0.037981,,0.00542,0.074964,-0.17316,0.012698,0.042726,0.006906,-0.001789,0.007042,0.020952,0.014925,0.023171,0.007659,-0.009592,0.005222,0.02351,0.017366,0.010667,0.019608,0.000962,0.0
2019-12,-0.0035,0.037556,-0.004651,0.006734,0.041579,0.03958,0.021471,0.011611,0.013025,0.017843,0.011557,0.022511,0.012917,0.017904,0.021485,0.04918,0.017157,-0.011269,0.032323,0.015262,0.050019,-0.058545,-0.089558,0.057558,0.015448,0.015478,-0.018438,0.042781,0.032208,,0.002695,0.011781,0.046073,0.001567,0.083902,0.012346,0.0,0.007601,0.00487,0.021242,0.01865,0.003257,-0.004843,0.009091,0.054143,0.0,0.002639,0.023077,0.034383,0.004202
2019-13,-0.009658,0.036697,-0.012461,-0.040134,-0.000806,-0.006993,0.048532,0.021521,-0.03,-0.006479,0.000672,0.076494,0.095525,-0.007995,0.075554,-0.02875,0.022222,0.026395,-0.043053,0.004295,0.042622,0.008111,0.042857,-0.071936,0.099391,-0.022531,0.003867,-0.016239,0.014092,,0.002688,0.031852,-0.04004,-0.023474,-0.033483,-0.014905,-0.001792,0.027158,-0.01973,-0.0208,-0.023104,-0.015152,-0.002433,-0.021879,0.090739,-0.01138,-0.007895,0.097744,-0.031485,-0.025105
2019-14,0.038121,0.006758,0.0347,0.033101,0.049233,0.045383,0.049233,0.02177,0.017673,0.09743,-0.005709,0.011006,0.041731,0.0245,0.012892,0.024775,0.098743,0.066043,0.025222,0.127584,0.023016000000000002,0.062835,0.010176,0.044365,0.096863,0.073898,0.06109,0.05821,0.048139,,0.016086,0.040208,0.045881,0.014423,0.10095,0.030261,0.043088,0.046416,0.03637,0.031046,0.053994,0.031868,0.031707,0.017105,0.032392,0.070504,0.03183,0.138699,-0.007461,0.087983
2019-15,-0.018787,-0.028768,-0.007622,-0.01855,-0.066538,-0.028443,-0.022197,-0.044674,-0.041968,-0.010835,0.016548,-0.022982,-0.02256,0.023285,0.056647,-0.052119,-0.005959,-0.055921,-0.068484,-0.076485,0.030893,-0.023432,-0.048431,-0.027344,-0.100084,-0.008207,-0.01556,-0.034483,-0.039299,,-0.013193,0.002993,-0.047856,-0.006319,-0.032482,-0.012016,-0.013769,-0.017687,-0.025894,0.014263,-0.063929,-0.017039,-0.021277,-0.011643,-0.013407,-0.02957,-0.005141,-0.049624,0.033613,-0.043393
2019-16,0.045257,0.095277,0.018433,0.008591,0.009477,0.011556,0.034483,0.021583,0.08006,0.046996,-0.012625,-0.002631,0.020708,0.035978,0.042188,-0.009275,0.021103,0.066202,-0.061385,-0.00616,0.038,0.111277,-0.017101,0.028614,0.028037,0.138765,0.069547,0.019558,-0.003943,,0.029412,0.081551,0.006283,0.020668,0.126596,0.02027,0.04363,0.12575,0.097587,0.03125,-0.008593,0.018418,0.043478,0.002618,0.101709,0.055402,0.041344,0.058544,-0.034286,0.0
2019-17,-0.057452,-0.007212,-0.05279,-0.035775,-0.037143,-0.092155,-0.045556,-0.067606,-0.061538,-0.102936,-0.04677,-0.032894,-0.070372,-0.092312,-0.007937,-0.013373,-0.072569,-0.087691,0.076806,-0.015152,-0.036609,-0.068937,0.149544,-0.054661,-0.105455,-0.105087,-0.066502,-0.099249,-0.044038,,-0.033766,-0.044713,-0.047867,-0.037383,-0.082725,-0.072848,-0.045151,-0.080731,-0.041428,-0.075758,-0.028285,-0.078723,-0.053241,-0.031332,-0.01704,-0.047244,-0.042184,-0.137519,-0.050134,-0.098969
2019-18,0.05742,0.068856,0.019108,0.003534,-0.023315,0.027685,0.002619,0.018882,-0.005961,0.030098,0.02718,0.054869,0.028188,0.027469,0.030688,-0.011522,0.011649,0.025672,-0.077684,-0.022378,0.033333,0.000441,-0.158198,0.01652,0.031504,-0.036852,0.051187,0.003704,-0.025362,,0.010753,0.035976,-0.061202,0.012945,-0.027919,0.005714,0.017513,-0.000829,0.007314,0.004918,-0.042254,-0.002309,0.01956,-0.001348,0.002458,0.024793,0.007772,-0.017331,0.002605,-0.036613
2019-19,-0.054302,0.027892,-0.032813,-0.044014,-0.104167,0.016327,-0.024383,-0.038547,-0.089955,-0.038349,-0.089347,-0.024791,-0.069202,-0.053469,-0.068665,0.049023,-0.02403,-0.043655,-0.068913,-0.086552,-0.023871,0.033921,-0.065068,-0.05485,-0.101478,-0.077821,-0.072289,-0.066421,-0.072225,,-0.029255,-0.05482,-0.026775,-0.033546,-0.073281,-0.044034,-0.034423,-0.067164,-0.108581,-0.065253,-0.069118,-0.049769,-0.05036,-0.017544,-0.004388,-0.05914,-0.03599,-0.068783,-0.11568,-0.049881
2019-20,-0.007067,-0.018457,-0.017771,-0.003683,-0.04845,-0.060241,-0.008926,-0.026985,-0.036244,-0.032283,-0.023774,-0.02121,-0.054157,0.032616,-0.000364,0.010784,-0.001026,-0.039562,-0.180099,-0.05325,0.004957,0.026843,-0.033425,-0.007523,-0.067982,-0.07173,-0.010281,-0.022727,-0.066972,,-0.010959,-0.028017,-0.043062,-0.014876,-0.063486,-0.026746,-0.00713,-0.034963,-0.061459,-0.017452,-0.056345,-0.026797,-0.022727,-0.010989,0.000518,-0.011429,-0.005333,-0.043561,0.027849,-0.02
2019-21,-0.011566,-0.045327,0.003289,-0.003697,0.021894,0.028205,0.008706,-0.003962,-0.022222,-0.078885,-0.029764,-0.042862,0.008036,-0.062195,-0.031198,-0.046233,0.005135,0.021546,-0.031093,-0.00579,-0.016771,-0.017427,0.065846,-0.006497,-0.016471,-0.022727,-0.002734,-0.051567,-0.000613,,0.022161,-0.018963,0.03125,0.005034,-0.000401,-0.015267,0.023339,0.010132,-0.001972,-0.021314,0.037946,-0.025031,-0.002584,-0.005556,-0.024485,0.013006,0.016086,-0.013861,-0.009321,-0.010204
2019-22,0.0018,0.016316,0.001639,0.007421,0.00299,0.003325,0.018155,0.00716,0.036713,0.020452,-0.014343,0.034793,-0.002491,0.028819,0.01309,0.053898,0.010217,-0.013648,0.109731,0.006656,0.003679,0.006334,0.022222,0.00218,0.011962,0.060465,-0.036732,0.002132,-0.013505,,-0.00271,0.03268,0.098182,-0.005008,0.035313,-0.003101,-0.015789,0.046201,0.032411,0.018149,0.001613,0.015404,-0.005181,-0.001397,0.027756,-0.00428,0.023747,0.03012,-0.006398,0.03866
2019-23,0.030548,0.009546,0.01473,0.009208,-0.002981,-0.009942,-0.009062,0.03125,0.025295,0.02547,-0.092563,-0.067246,-0.006046,-0.011137,-0.031315,0.06047,-0.032111,-0.021384,-0.041045,0.039669,-0.000333,-0.080151,-0.011739,0.025557,0.028369,-0.062135,0.016505,-0.002128,-0.010579,,0.024457,-0.023924,-0.054084,0.018456,-0.047093,-0.007776,0.02139,-0.015689,-0.001914,0.010695,0.006441,-0.005057,0.020833,-0.016783,-0.044709,0.025788,0.006186,-0.025341,-0.025631,-0.042184
2019-24,0.058413,0.048138,0.014516,-0.001825,0.029397,0.070293,0.042773,0.027113,-0.001645,-0.010586,0.036971,0.056916,0.027241,0.023208,0.059005,0.076433,0.065569,0.049486,0.037938,0.012719,0.059333,0.021898,-0.106907,0.044539,0.003448,-0.079501,0.027436,0.041578,0.01761,,-0.002653,0.034237,0.042007,0.016474,0.029083,0.014107,0.001745,0.02863,0.019563,0.040212,0.028267,0.021601,0.005102,-0.004267,0.0748,0.00838,0.002688,0.058,0.065181,0.041451
2019-25,0.025445,0.069437,0.015898,0.038388,0.145692,0.026583,0.066195,0.010093,0.032949,0.039506,0.083333,0.075392,0.080844,0.027685,0.069332,0.107354,0.025987,0.039804,0.078725,0.11617,0.016992,0.037668,0.208374,0.016751,0.088202,0.054107,0.048501,0.029683,0.095797,,0.014335,0.103072,0.105263,0.014587,0.081028,0.021638,0.019164,0.063415,0.069225,0.022688,0.208506,0.017413,0.022843,0.004286,0.070224,0.026316,0.010724,0.026465,0.034793,0.022388
2019-26,-0.033912,0.070808,-0.00626,0.011091,0.005915,-0.003808,-0.04537,-0.019216,-0.009043,0.009501,0.003172,0.001517,0.019295,0.057124,0.022779,0.047583,0.033367,0.018257,-0.019983,-0.00211,0.033725,-0.001296,-0.140644,0.017474,0.007368,-0.021916,-0.014016,-0.010934,0.034969,,-0.010989,0.007275,-0.038501,-0.022364,0.006033,-0.013616,0.006838,-0.014841,0.002123,-0.018771,-0.04206,-0.011002,-0.01464,-0.008535,0.048918,0.004049,-0.007958,0.023941,0.019045,-0.009732
2019-27,-0.009418,-0.028408,0.013386,-0.009141,-0.01134,-0.016055,0.013619,0.061129,0.006494,0.057647,0.059684,0.021212,0.016125,0.004605,0.016077,0.01676,0.043373,0.02834,0.047872,-0.023256,0.001796,-0.03029,-0.006167,0.011286,0.010449,0.091286,-0.001093,0.01206,-0.017439,,0.013889,0.025279,-0.005269,0.009804,-0.005452,0.01227,0.005195,-0.008491,0.037076,0.046957,-0.029122,0.009889,0.013123,-0.002907,-0.024253,0.013441,0.002674,0.133094,0.071389,0.012626
2019-28,-0.004322,0.006511,-0.009852,-0.03321,-0.007222,0.020202,-0.003565,0.000739,-0.03871,-0.067112,0.011936,-0.014095,-0.031739,-0.03423,-0.013732,-0.028428,-0.047806,-0.026434,-0.062606,0.001443,0.010756,-0.00357,-0.058234,-0.033964,-0.042058,-0.028897,-0.004926,-0.037736,0.002219,0.610442,-0.013699,-0.023115,-0.020127,-0.012945,0.000548,-0.025758,-0.008818,0.040608,0.044263,-0.028239,-0.041532,-0.035496,-0.015544,-0.027697,0.013988,-0.008488,-0.008,-0.060317,-0.036711,-0.0399
2019-29,0.005208,-0.005126,-0.004975,0.009542,-0.00813,0.056359,0.027401,0.061255,-0.005034,-0.00795,-0.036122,-0.006471,-0.03753,0.015789,-0.030646,0.038603,-0.017463,-0.028885,-0.0713,0.01513,-0.046704,0.074787,0.01926,0.01051,-0.012009,-0.024276,0.012651,0.031992,0.000553,0.609726,-0.008333,-0.004507,-0.014054,-0.001724,-0.010226,0.007776,-0.003559,0.029466,-0.017607,0.025641,0.019259,-0.010152,-0.005263,-0.017991,-0.020864,0.011158,-0.013441,0.006588,0.022835,0.007792
2019-30,0.025043,0.04343,0.006667,-0.00189,0.00906,0.076414,0.023371,0.006954,0.005059,0.026993,0.034799,0.012118,0.071323,0.003886,0.009583,-0.033144,0.018514,0.00119,0.114674,-0.009226,0.002791,0.085417,-0.033814,-0.0052,0.0,0.063403,0.043998,0.023,-0.000553,0.07591,0.005602,0.019808,-0.008772,-0.001727,0.024539,0.01358,0.016071,0.022176,0.005642,0.005,0.011337,0.032051,0.02381,-0.001527,0.043316,0.015172,0.008174,0.0,0.034642,-0.069588
2019-31,-0.032856,-0.037037,-0.013245,-0.028409,-0.056862,-0.049147,-0.039495,-0.04558,-0.041946,-0.006982,-0.067997,-0.011673,0.002073,-0.089355,-0.010963,0.002693,-0.065196,-0.038622,-0.006975,-0.037654,-0.037106,-0.026104,-0.079259,-0.026137,-0.060773,-0.02717,-0.022373,-0.0499,-0.043165,-0.010079,-0.011142,-0.045172,-0.028761,-0.017301,-0.016027,-0.037267,-0.022847,-0.02795,-0.041914,-0.041459,-0.087809,-0.042236,-0.002584,-0.03211,0.00971,-0.02038,-0.016216,-0.033613,-0.049702,0.01108
2019-32,-0.009582,-0.021368,-0.030201,-0.02924,-0.042377,-0.032304,-0.021259,-0.022431,-0.073555,0.008271,0.000402,0.01272,-0.012874,-0.063408,0.007942,0.125763,-0.005445,-0.039493,-0.088674,-0.053424,-0.120103,-0.027197,-0.044159,-0.030596,-0.089412,-0.046548,-0.010112,-0.044118,-0.039907,0.021818,-0.025352,-0.019528,-0.063781,-0.028169,-0.073206,-0.045161,-0.017986,-0.018903,-0.029625,-0.039792,-0.020481,-0.050584,-0.023316,-0.025276,-0.033934,-0.009709,-0.021978,0.001739,0.02067,0.052055
2019-33,-0.013193,0.058515,-0.00173,-0.002008,0.025974,-0.01632,0.004859,0.025167,0.064272,0.006563,0.040145,0.033493,-0.007918,-0.01475,0.096224,0.111714,0.012513,-0.017775,0.11657,0.016693,0.047445,-0.011345,0.0,0.026578,0.01938,0.16843,-0.036022,-0.013187,0.011145,0.048399,-0.011561,0.03687,0.013382,-0.012681,0.005815,0.001689,0.007326,-0.002171,0.00284,-0.018018,0.012023,0.008197,0.0,-0.011345,0.037986,-0.007003,0.002809,0.019097,0.103099,-0.028646
2019-34,0.032977,0.035479,0.010399,0.008048,0.061416,0.064103,0.03157,0.044765,0.0746,0.002445,0.061366,0.108218,0.007277,0.051823,0.071591,-0.00398,0.032956,0.021448,-0.04918,0.069586,-0.003484,0.105738,0.101655,0.012945,0.027883,0.041086,0.026213,0.014477,0.05209,0.016293,-0.002924,0.027784,0.034298,0.00367,0.040271,0.011804,-0.014545,0.088387,0.041062,0.020183,0.037251,0.006916,-0.015915,0.003279,0.050265,-0.011283,-0.008403,0.008518,0.148401,-0.040214
2019-35,-0.026747,-0.036013,-0.003431,-0.005988,-0.014134,-0.045358,-0.054866,-0.070491,-0.033058,0.019512,0.005455,0.045039,0.041948,-0.026277,0.01053,0.095905,-0.017198,0.043963,0.0,-0.001462,0.001748,0.024833,0.031116,-0.004792,-0.027127,-0.049498,-0.066848,-0.001098,-0.01612,0.069472,-0.002933,-0.02859,-0.019837,-0.010969,-0.0757,0.001667,-0.005535,-0.055472,-0.019041,-0.016187,-0.040971,0.0,0.013477,0.0,0.002099,-0.015692,-0.002825,0.027027,0.050018,0.002793
2019-36,0.036348,0.0232,0.046472,0.034137,0.081989,0.095026,0.046966,0.023792,0.05812,0.03429,0.037975,0.00075,0.044509,0.027736,0.000429,-0.047141,0.094598,0.006914,0.090573,0.106149,0.016754,0.014467,0.235692,0.050829,0.063371,0.07741,0.046593,0.095604,0.101814,0.15178,0.026471,0.047297,0.089286,0.029575,0.072569,0.046589,0.024119,0.035185,0.025997,0.054845,0.077004,0.032967,0.055851,0.022876,-0.013615,0.030435,0.028329,0.001645,-0.052364,0.030641
2019-37,0.026518,-0.033023,0.014803,0.01165,0.023188,0.0,-0.016718,0.063181,0.038772,-0.03084,-0.043554,-0.018849,0.004069,0.026988,-0.038066,-0.018684,-0.017146,-0.004994,0.147458,0.094639,0.021284,-0.002496,0.093053,-0.001527,0.035757,0.0,-0.004452,0.02006,0.024429,0.0282,0.011461,0.018082,0.029508,0.010772,0.015078,0.009539,0.009058,-0.008689,0.006757,0.010399,0.019099,0.022606,0.005038,0.003195,-0.019006,0.004219,0.008264,-0.004926,-0.0185,0.021622
2019-38,-0.004167,-0.022848,-0.012966,-0.003839,-0.055443,0.004746,-0.022103,-0.004098,-0.037325,-0.019093,0.020036,0.036896,-0.036682,-0.012784,0.053157,0.005363,-0.011551,-0.006901,0.132939,-0.082225,-0.028908,-0.015368,-0.038906,-0.00051,-0.025316,-0.05356,-0.017887,-0.023599,-0.048212,-0.068565,-0.011331,-0.026966,-0.028662,-0.012433,-0.036755,-0.012598,-0.007181,-0.04099,-0.027852,-0.042882,-0.054781,0.003901,-0.007519,0.015924,0.010607,-0.008403,-0.013661,-0.026403,0.047867,-0.013228
2019-39,-0.004184,-0.016367,-0.00821,-0.015779,-0.012425,-0.027665,0.019994,-0.02332,-0.017771,-0.038929,-0.099643,-0.005521,-0.022139,-0.017986,0.014973,-0.091758,-0.011686,-0.029059,-0.043025,-0.02108,-0.020768,-0.039201,-0.078156,-0.046429,-0.031877,0.040028,0.00683,-0.037261,-0.015795,-0.10872,0.0,-0.017251,-0.050273,-0.01259,-0.023329,-0.041467,0.001808,-0.043011,-0.031412,-0.019713,-0.017285,-0.046632,0.015152,-0.030141,-0.003856,-0.001412,-0.00277,-0.062712,0.030059,-0.016086
2019-40,-0.005042,-0.001877,-0.003311,0.006012,-0.024729,-0.009022,-0.012784,0.004213,-0.011513,0.003376,0.00238,-0.004565,-0.000453,-0.012088,-0.021068,-0.004699,-0.002413,-0.004554,-0.040872,-0.037685,0.00813,-0.009067,-0.029565,0.004815,-0.02439,-0.044459,-0.009045,-0.01046,-0.02767,-0.051461,-0.008596,-0.01427,-0.010357,-0.007286,-0.014777,-0.001664,-0.001805,-0.020506,-0.02067,-0.007313,-0.012416,-0.005435,-0.0199,0.013093,0.000538,-0.011315,-0.005556,-0.003617,-0.003906,-0.008174
2019-41,0.05152,0.006017,0.024917,0.011952,0.020463,0.032913,0.044317,0.098601,0.018303,0.006308,0.001979,0.033589,0.01427,0.043382,0.021391,0.024491,0.046444,0.030719,-0.017756,0.046853,-0.007714,0.011056,0.128584,0.007455,0.0475,0.029167,0.064461,0.026427,0.012521,0.066979,0.020231,0.032858,0.022093,0.025688,0.031025,0.008333,0.019892,0.046458,0.033843,0.014733,-0.003667,0.006831,0.093909,-0.003231,0.018805,0.031474,0.01676,0.0,0.022261,-0.005495
2019-42,0.026506,-0.011837,-0.012966,-0.017717,-0.040976,-0.023051,-0.003031,-0.024825,-0.004902,-0.020059,0.00079,0.010553,-0.034167,-0.003909,0.001013,-0.073445,-0.021267,-0.017755,-0.072307,-0.04342,-0.010247,-0.119532,-0.104407,-0.039112,-0.02506,0.027665,0.003751,-0.011329,-0.019112,-0.074074,0.011331,-0.001669,-0.001138,0.003578,-0.017138,-0.019835,0.005319,-0.017265,0.033087,-0.001815,-0.041535,-0.013569,0.023202,-0.017828,0.004641,0.005548,0.005495,-0.027223,-0.001467,-0.033149
2019-43,0.00939,-0.04577,0.01642,0.002004,0.002727,-0.023595,0.006081,0.013708,-0.022989,-0.016205,-0.020916,0.038804,0.033757,0.066714,-0.003776,0.007771,0.000945,0.000646,0.109119,0.005587,-0.022849,-0.003854,0.003546,-0.00275,-0.015912,0.042679,0.006407,0.017708,0.002865,-0.012203,0.02521,-0.019499,-0.020501,0.017825,0.010746,-0.008432,0.054674,-0.020915,0.039182,-0.012727,-0.027976,-0.002751,0.015873,0.0,-0.051024,0.026207,0.019126,0.005597,-0.060113,-0.008571
2019-44,-0.011628,0.007664,-0.001616,-0.022,0.00544,-0.012082,0.005495,-0.045718,0.035294,0.03381,0.039903,0.05666,0.023708,-0.032441,0.011653,-0.005861,0.02572,0.12,0.085032,-0.004861,0.07563,-0.037833,-0.008392,0.013789,0.041045,-0.018262,0.028647,-0.01433,-0.013714,-0.037749,0.0,0.023182,0.005814,-0.008757,-0.0333,-0.008503,-0.006689,0.005412,0.092459,-0.027624,-0.003386,-0.005517,0.004464,-0.028053,0.004647,-0.018817,-0.008043,-0.007421,0.13561,-0.014409
2019-45,-0.014118,0.021112,0.003236,0.00818,0.010821,0.013669,0.031421,-0.013495,-0.032468,-0.004193,0.043411,-0.012973,0.015075,-0.005531,0.016878,-0.066708,0.004831,0.069124,-0.027202,-0.007676,0.001019,0.007596,0.001782,-0.018498,0.059737,0.026299,0.025271,0.008307,-0.002897,-0.010699,-0.013661,-0.009662,-0.011561,0.0,0.014318,0.0,-0.011785,0.042776,0.045618,-0.022727,0.002831,-0.002774,-0.008889,-0.016978,-0.003414,0.006849,-0.005405,-0.003738,0.002541,0.01462
2019-46,-0.033413,-0.03172,-0.016129,-0.016227,-0.031668,-0.014194,-0.024371,-0.038988,-0.035235,-0.024421,0.005201,0.015334,-0.017434,-0.045881,0.016515,-0.021941,-0.023581,-0.053341,0.154461,-0.034459,-0.017645,-0.025721,-0.013784,-0.063193,-0.057497,0.000625,-0.020624,-0.028836,-0.027891,-0.02956,-0.01108,-0.014242,-0.070175,-0.026502,-0.05892,-0.056604,-0.013629,-0.052431,-0.006889,-0.040698,-0.033879,-0.05146,-0.047085,-0.050086,-0.066298,-0.027211,-0.019022,-0.02439,0.02566,-0.028818
2019-47,-0.013169,-0.008355,-0.003279,0.018557,-0.010134,0.041757,-0.016291,0.022776,0.006957,-0.028917,-0.051367,-0.040129,0.026725,0.020036,-0.025227,0.057104,0.07925,0.002277,-0.065167,0.009468,0.002073,0.044151,0.022543,0.023669,-0.001196,0.050593,-0.020544,-0.007423,-0.011955,0.086181,0.008403,-0.034243,-0.145912,-0.001815,-0.011739,0.02,-0.013817,-0.010894,-0.052312,0.024242,-0.012274,0.013196,-0.016471,0.02,0.002367,-0.001399,0.0,0.013462,-0.061361,0.017804
2019-48,-0.006672,0.004815,0.014803,0.010121,-0.003723,0.000691,-0.00552,0.004175,-0.013817,0.033333,-0.020257,-0.034615,0.032857,-0.0025,-0.054439,-0.032476,-0.004997,-0.031232,0.02591,-0.008658,0.002758,0.039669,-0.012787,-0.005202,0.011976,-0.009512,-0.009439,0.03312,0.010889,0.007524,0.005556,-0.014961,-0.029455,0.001818,-0.020678,0.00713,0.014011,-0.007246,0.00061,0.00789,0.004142,0.008683,-0.011962,-0.003565,-0.010626,-0.005602,0.00554,0.001898,-0.03488,0.037901
2019-49,0.00084,0.034873,0.003241,-0.014028,0.045306,0.075276,0.010547,0.038115,-0.010508,-0.021505,0.004374,0.01397,0.036769,-0.037952,0.036315,0.052509,0.028821,-0.000586,0.063139,0.027656,0.039876,0.073375,0.012952,-0.002324,0.015385,0.008403,0.002118,-0.004137,0.047876,0.078751,-0.002762,0.013394,0.030349,-0.00726,0.036837,-0.00708,-0.006908,0.016642,0.00701,-0.001957,0.054803,-0.010043,0.014528,0.008945,0.040573,0.005634,-0.002755,-0.003788,0.057507,0.050562
2019-50,0.016779,0.016463,0.012924,0.014228,0.027703,0.010276,0.029937,0.048064,0.015929,0.041758,0.005146,-0.00287,0.035067,0.023446,-0.005983,-0.024945,0.036715,0.08563,0.059955,0.041785,0.013223,-0.023438,0.086861,0.006407,0.040793,0.12619,0.035922,0.022845,0.0257,0.040906,0.01385,0.023956,0.045655,0.014625,0.02708,0.026738,0.012174,0.06548,0.080206,0.035294,0.035754,0.011594,0.052506,0.008865,0.033486,0.008403,0.008287,-0.007605,0.016443,0.005348
2019-51,0.024752,0.001012,0.004785,0.012024,0.025217,-0.015257,0.001067,0.019108,0.02439,0.011814,0.037416,-0.022453,0.021944,0.029091,-0.014359,0.015868,-0.011873,0.016207,0.011206,0.018355,-0.020881,-0.018,0.134686,0.028356,0.019037,-0.040698,0.018868,0.020305,0.011693,0.056227,0.013661,-0.014291,0.071831,0.014414,0.016663,0.022569,0.020619,0.013477,-0.04483,0.032197,0.045307,0.017192,0.004535,0.019332,-0.026964,0.006944,0.013699,0.009579,-0.021992,-0.007979
2019-52,-0.008052,-0.023385,-0.004762,0.0,-0.010602,0.074887,0.008524,-0.008125,-0.017007,-0.00417,-0.003797,-0.006125,0.024675,-0.009541,0.014569,0.029965,0.077481,0.034024,-0.010026,-0.016689,0.020993,-0.005703,0.030032,0.002814,0.031868,-0.035262,-0.001001,-0.00796,-0.022565,-0.051517,0.005391,-0.00947,-0.023653,-0.001776,-0.012241,-0.005093,-0.006734,-0.021809,-0.008507,0.007339,0.003096,-0.011268,0.002257,-0.003448,0.004904,0.0,-0.002703,-0.009488,-0.013838,0.160858
2019-53,0.004058,0.019286,0.00638,0.011881,0.084441,0.024024,-0.007396,0.019534,0.019031,-0.001256,0.01372,0.037213,0.032537,0.023903,0.017197,0.009595,0.053644,0.002571,-0.021322,0.049559,0.009791,0.017206,0.055189,0.02413,0.031949,0.043404,-0.008016,0.017051,0.041104,0.01207,-0.010724,0.008735,0.021534,0.001779,0.032346,0.013652,-0.00339,0.02882,0.031657,0.023679,0.044753,0.017094,-0.006757,0.008651,0.009419,-0.002759,0.0,0.003831,0.009866,0.006928
2020-01,0.018593,-0.018413,0.004754,0.031311,0.003162,0.041056,0.04843,-0.014215,0.025467,0.010482,0.018797,-0.017939,0.013708,-0.004181,-0.088284,0.066217,-0.00219,-0.020513,0.04793,0.016818,0.025856,0.086589,0.022039,0.016986,-0.02064,-0.002737,0.017172,0.019724,0.018388,0.0,0.00813,0.008659,0.022398,0.010657,0.036419,0.015152,0.018707,0.04704,0.003155,0.064057,-0.007878,0.015406,0.002268,0.020583,0.022822,0.011065,0.00542,0.024809,-0.031046,0.027523
2020-02,-0.016667,-0.017853,-0.001577,-0.020873,0.006698,-0.026479,-0.009137,0.004389,-0.021523,0.039419,-0.005166,0.018034,-0.045311,-0.03324,0.031468,0.008051,-0.022677,0.041361,0.031185,-0.022901,0.021424,0.059303,0.007724,-0.021552,-0.006322,-0.010428,-0.022344,-0.022244,0.003717,-0.041741,-0.010753,-0.016473,-0.020619,-0.008787,-0.012171,-0.016584,-0.013356,-0.029531,0.002001,-0.013378,0.001985,-0.017931,-0.031674,0.006723,0.036931,-0.02052,-0.005391,0.001862,0.019718,-0.022321
2020-03,-0.012914,-0.035037,-0.006319,-0.017442,-0.007436,-0.023148,-0.028432,0.006242,0.010152,-0.012375,-0.001484,0.036114,-0.008094,-0.006877,-0.004494,-0.022248,-0.024513,-0.022122,0.060484,-0.003906,0.014189,0.010497,-0.002236,-0.014317,-0.02439,0.053245,-0.022346,-0.021761,-0.013228,0.176105,-0.016304,0.017339,-0.011842,-0.005319,-0.004968,-0.025295,-0.015228,-0.018726,-0.057061,-0.016949,-0.017335,-0.025281,-0.023364,-0.025042,-0.047594,-0.011173,-0.01084,-0.024164,0.064931,0.009132
2020-04,-0.071954,-0.058422,-0.033386,-0.025641,-0.057571,-0.050355,-0.029528,-0.049007,-0.053601,-0.086095,-0.027489,-0.029451,-0.037277,-0.037901,-0.049391,-0.0528,-0.079225,-0.045244,0.072243,-0.04902,-0.068127,0.005886,0.085147,-0.034637,-0.103261,0.053186,-0.034286,-0.047523,-0.057909,-0.044444,-0.027624,-0.032,-0.033289,-0.024955,-0.041542,-0.038062,-0.017182,-0.046912,-0.023903,-0.056897,-0.045363,-0.025937,-0.038278,-0.034247,-0.087368,-0.015537,-0.010959,-0.04,-0.011761,-0.067873
2020-06,-0.043172,0.039577,-0.03125,-0.04251,-0.056904,-0.014972,-0.037761,-0.060665,-0.053097,-0.06015,0.055004,0.018866,-0.058948,-0.106818,0.022036,-0.00154,0.006458,-0.043619,0.007092,-0.058419,0.00359,0.128055,-0.029204,-0.063657,-0.036364,-0.035,-0.052717,-0.069002,-0.04724,-0.066445,-0.034091,-0.029465,-0.055096,-0.040219,-0.040008,-0.068345,-0.048951,-0.07119,-0.070366,-0.036563,-0.052798,-0.085799,-0.057214,-0.06383,-0.021951,-0.04878,-0.027701,-0.126984,0.068796,-0.058252
2020-07,0.0,0.004044,0.0,-0.004228,0.019521,0.063965,0.006211,0.104167,0.001869,0.011294,-0.041999,0.021194,0.022723,0.059372,0.011152,0.030228,0.093355,0.024775,0.067342,0.017518,-0.034146,-0.018004,-0.014281,0.033375,0.007547,-0.049223,0.00795,0.042189,0.014337,0.052195,0.008824,-0.00037,0.033528,0.005714,-0.006946,0.023166,-0.001838,0.005988,0.01934,0.043643,0.041806,0.012945,0.026385,0.0,0.009227,0.003017,0.014245,-0.002273,0.071987,0.396907
2020-08,0.040516,0.009583,0.003396,0.016985,0.095735,0.025,0.0,-0.035849,0.050373,0.109819,-0.001134,-0.014746,0.029023,-0.008006,0.022868,0.113473,-0.010602,0.034066,0.152577,0.104735,0.034007,0.053449,0.07799,0.001196,0.028714,0.06812,0.018592,0.020788,0.094229,0.188275,0.017493,0.017037,0.056417,0.017045,0.048962,0.011321,0.01105,0.027381,0.05332,-0.02,0.089353,0.036741,0.010283,0.017045,0.051025,0.018045,0.016854,0.072893,0.02697,-0.151292
2020-09,-0.039823,-0.096024,-0.032149,-0.039666,-0.070691,0.012195,-0.040404,0.056099,-0.026643,-0.068763,0.017026,-0.067738,-0.085003,-0.048023,-0.050212,-0.087927,0.049751,-0.095643,-0.118068,-0.077273,-0.058613,-0.094395,-0.078925,-0.044205,-0.09466,-0.128571,-0.043695,0.018221,-0.085038,0.019924,-0.022923,-0.056567,-0.096128,-0.031657,-0.079392,0.001866,-0.034608,-0.076188,-0.085404,-0.003711,-0.0889,-0.013867,-0.038168,-0.055866,-0.077231,-0.039882,-0.019337,-0.063694,-0.059533,-0.115217
2020-10,0.024885,0.09268,0.031469,0.041304,0.073077,0.047045,0.03538,0.01853,0.043796,0.031968,0.05878,0.097039,0.096939,0.078847,0.093188,0.076356,0.042654,0.059342,-0.010548,0.049965,0.050502,0.0,0.12077,0.048125,0.033512,-0.005269,0.036437,0.102105,0.086471,0.149302,0.026393,0.041045,0.053176,0.026923,0.0421,0.072626,0.020755,0.024773,0.03837,0.057728,0.073854,0.040625,0.031746,0.025641,0.060764,0.02,0.022535,0.049887,0.091981,0.063882
2020-11,-0.03777,-0.040111,-0.020339,-0.050104,-0.046595,-0.081644,-0.056481,-0.023044,-0.041958,-0.033159,-0.082923,-0.081843,-0.128682,-0.078585,-0.03762,-0.122706,-0.053846,-0.099279,-0.0041,-0.059651,-0.069476,-0.087948,-0.031856,-0.044126,0.007782,-0.07887,-0.059152,0.018147,-0.06118,-0.044921,-0.028571,-0.076628,-0.051893,-0.016854,-0.058862,-0.027778,-0.03512,-0.092411,-0.095814,-0.058099,-0.063755,-0.033033,-0.033333,-0.030769,0.003843,-0.021116,-0.019284,-0.066955,-0.135119,-0.110855
2020-12,-0.057009,-0.088073,-0.031142,-0.008791,-0.053467,-0.051313,-0.070937,-0.100559,-0.034672,-0.140343,0.132567,-0.053601,-0.097642,-0.079744,-0.069018,-0.060256,-0.023097,-0.100369,-0.021408,-0.059872,0.003185,-0.140714,-0.107296,-0.071117,-0.138996,-0.132907,-0.086595,-0.081614,-0.060554,-0.092373,-0.017647,-0.076429,-0.060651,-0.030476,-0.088853,-0.042857,-0.02682,-0.08294,-0.084991,-0.024299,-0.063807,-0.017081,-0.05305,-0.025794,-0.095586,-0.026194,-0.016854,-0.027778,-0.079213,-0.07013
2020-13,0.014866,-0.012092,0.019643,-0.004435,-0.003972,0.084906,0.054124,0.05245,-0.005671,0.07769,0.104533,0.133857,0.017501,0.009268,0.038849,0.168106,0.055797,0.010951,-0.12074,-0.018196,0.011993,0.007481,-0.001282,0.09268,0.008969,-0.036846,0.057143,-0.006129,0.004911,0.017274,0.01497,0.010435,0.0,0.013752,0.026342,-0.001866,0.025591,0.056618,0.060474,0.021073,-0.010882,0.041074,0.028011,-0.034623,-0.042063,0.023734,0.005714,-0.004762,0.01215,-0.030726
2020-14,-0.008789,0.021098,0.0,-0.006682,-0.019495,0.036522,-0.017421,-0.014426,0.0,-0.058451,0.009495,0.031247,0.039729,-0.019743,0.059777,-0.023891,-0.021498,0.000677,0.029187,-0.004633,0.025793,0.044967,-0.021181,-0.009219,-0.016296,0.068095,-0.013514,-0.006166,-0.001222,-0.099128,0.00295,-0.012335,-0.017323,0.001938,0.003702,0.031776,-0.013436,-0.035839,-0.019754,-0.016886,0.011581,-0.025797,-0.021798,-0.023207,0.0029,-0.010819,-0.008523,-0.007177,0.00493,0.017291
2020-15,0.005911,0.034385,0.010508,0.006726,0.016268,0.066555,-0.001555,-0.022621,0.022814,-0.021211,-0.002427,0.026459,-0.000466,0.000937,0.022118,0.050408,0.059685,0.034506,-0.031148,-0.000776,0.026164,-0.022898,0.013115,-0.014268,0.01506,-0.024355,0.005604,-0.01241,0.007951,-0.023943,0.002941,0.030932,0.020833,0.001934,0.012294,0.023551,-0.005837,0.009022,0.006844,0.001908,0.032055,-0.021807,-0.002786,-0.006479,0.064574,-0.004688,0.002865,0.021687,0.068153,0.0
2020-16,-0.000979,0.032632,0.003466,0.01559,0.039573,0.027792,0.023676,0.076923,-0.016729,0.004228,0.082117,0.004054,0.028438,0.001404,0.052361,0.007767,0.005701,-0.030739,0.03263,0.014752,-0.008278,0.168485,0.130744,0.008811,0.011869,0.027166,-0.005573,0.034555,0.016383,0.009916,0.008798,0.019862,0.00314,0.001931,0.036434,0.033628,0.007828,0.047926,0.059668,0.00381,0.006656,0.011146,0.00838,-0.01087,0.051474,-0.00314,0.022857,0.0,-0.01358,0.011331
2020-17,-0.013725,0.041051,-0.015544,-0.015351,-0.029085,-0.020408,-0.010651,0.001264,-0.020794,-0.038947,-0.00787,-0.013665,-0.031052,-0.023832,0.020033,0.030829,-0.00292,0.004723,-0.080855,-0.035195,0.041736,-0.04184,-0.059817,-0.054273,-0.007331,-0.002859,-0.027397,-0.015182,-0.013731,-0.027907,-0.011628,-0.026243,-0.034429,-0.009634,-0.002109,-0.013699,-0.019417,-0.030034,-0.009979,-0.030361,-0.039118,-0.028346,-0.019391,-0.015385,0.078598,-0.023622,-0.041899,0.004717,0.011236,-0.039216
2020-18,0.05666,0.002837,0.033333,-0.006682,0.044053,0.023438,0.07936,0.025253,0.007722,0.035049,-0.047309,-0.023929,0.052632,0.146003,0.012107,-0.030975,0.033081,0.038281,0.110212,0.022205,-0.062821,0.111873,0.065145,0.050792,0.070901,0.053047,0.06402,0.005139,0.024213,0.033493,0.017647,0.05617,0.029173,0.007782,0.05566,0.017361,0.023762,0.082688,0.027358,0.02544,0.040138,0.003241,0.053672,-0.008929,0.041168,0.037097,0.014577,-0.021127,0.018719,0.014577
2020-19,-0.017874,-0.024045,-0.008489,-0.008969,0.005063,0.037659,-0.00342,-0.021552,0.003831,0.073545,-0.00565,0.043548,0.040667,-0.018379,0.038643,0.009369,0.014843,-0.007115,0.095173,0.002327,0.00684,0.012658,0.006573,-0.004394,-0.04,-0.017018,-0.015042,-0.002045,-0.014184,0.095679,-0.011561,-0.002552,0.015748,-0.007722,0.003782,-0.013652,-0.01354,-0.035099,-0.021023,-0.009542,0.009923,0.001616,-0.010724,0.006757,0.015115,-0.012442,-0.005747,0.007194,0.017982,0.048851
2020-20,-0.015326,-0.049275,-0.013699,-0.013575,-0.015953,-0.052967,-0.032027,-0.039648,-0.020992,-0.083292,-0.020634,-0.022875,-0.033312,-0.024255,-0.001225,0.007644,-0.032868,-0.014984,0.030769,-0.03096,-0.032609,-0.017628,-0.024134,0.010719,-0.041667,-0.045014,-0.019548,-0.029713,-0.034772,0.011737,-0.008772,-0.010141,-0.032558,-0.001946,-0.005762,-0.038062,-0.001961,-0.034018,-0.037938,-0.017341,-0.031114,-0.020968,-0.01355,-0.011186,-0.055136,-0.006299,-0.00289,-0.014286,0.055309,-0.046575
2020-21,-0.013619,-0.001524,-0.013889,-0.025229,-0.048635,-0.030554,-0.006499,-0.033421,-0.013645,-0.012903,-0.04916,0.011072,0.016602,-0.05495,0.011577,-0.002709,-0.031606,-0.00463,-0.021783,-0.056709,-0.020716,0.01044,-0.072447,-0.007486,-0.034483,-0.038434,-0.016822,-0.047518,-0.024224,-0.080278,-0.0059,-0.029212,-0.019231,-0.011696,-0.034106,-0.043165,-0.007859,-0.02371,-0.021205,-0.017647,-0.029296,-0.014827,0.0,-0.011312,-0.015987,0.001585,-0.008696,-0.012077,-0.03366,-0.017241
2020-22,0.042406,0.105191,0.001761,-0.025882,-0.001345,-0.020833,0.00565,0.029153,-0.019763,-0.023965,-0.012524,-0.01262,0.039821,-0.000461,0.028911,0.007878,-0.003334,0.099668,-0.040825,-0.022015,0.020079,0.046497,0.003137,0.029541,0.004658,0.011312,0.020279,-0.04102,-0.002546,-0.01665,0.008902,0.008414,0.014706,0.00789,0.009693,-0.013158,0.013861,0.01,-0.026986,-0.001996,0.002902,-0.023411,0.046703,-0.02746,0.174771,0.007911,0.008772,-0.007335,0.008045,0.0
